appID,Malicious Percentage,Ads Percentage,Tracking Percentage,Bitcoin Percentage,Adult Percentage,Session Rate,Packet Size,User Permission Count
app.qrcode.apk,0.749174917,0.508250825,0,0,0,0.15506653,0,21
call.recorder.automatic.acr.apk,0.5,0.75,0,0,0,0.571428571,472.8,30
codematics.universal.tv.remote.control.apk,0,0,0,0,0,0,0,17
coinminerandroid.coinminer.cma.coinminerandroid.apk,0,0,0,0,0,0,0,6
com.amazon.storm.lightning.client.aosp.apk,0,0,0,0,0,0,0,29
com.androidaplicativos.phonetrackerbynumber.apk,0,0,0,0,0,0.003436426,732,14
com.antivirus.apk,0,0,0,0,0,0.228340675,0,64
com.apple.movetoios.apk,0,0,0,0,0,0,0,13
com.apps.go.clean.boost.master.apk,0.00052521,0.853991597,0.036239496,0,0.179621849,0.855730337,406.3237768,54
com.asurion.solutohome.verizon.apk,0,0,0,0,0,0,0,41
com.avast.android.mobilesecurity.apk,0,0,0,0,0,0.213333333,0,68
com.boost.thrid.rocket.apk,0,0.643312102,0,0,0.094904459,0.860273973,282.8859649,24
com.clean.memory.booster.pro.apk,0,0.414700544,0,0,0,0.536514119,19.80625931,17
com.color.flashlight.alert.apk,0,1,0,0,0,0.025806452,356.125,6
com.comcast.cvs.android.apk,0,1,0,0,0,0.035714286,261,13
com.dtmobile.calculator.apk,0,0.229885057,0,0,0,0.104819277,232.5843373,30
com.ehawk.proxy.freevpn.apk,0.428571429,0.335064935,0.428571429,0,0,0.206766917,367.8815331,17
com.fast.cleaner.boost.master.free.apk,0.005617978,0.479400749,0,0,0.005617978,0.273285568,320.7614679,25
com.flashlight.brightest.beacon.torch.apk,0.062962963,0.70617284,0.011111111,0,0,0.407444668,49.00218103,35
com.gamma.scan.apk,0,0.068181818,0,0,0,0.021400778,184.2676056,8
com.gomo.calculator.apk,0.08908686,0.385300668,0.004454343,0,0.055679287,0.23276309,511.7291667,32
com.google.android.apps.adm.apk,0,0,0,0,0,0.021052632,463.6666667,9
com.google.android.apps.authenticator2.apk,0,0,0,0,0,0.003454231,759,6
com.google.android.apps.nbu.files.apk,0,0.3,0,0,0,0.00522466,543.1578947,24
com.google.android.launcher.apk,0,0,0,0,0,0.055555556,514,2
com.gpsmap.findlocation.phonetracker.apk,0,0,0,0,0,0,0,15
com.groundhog.mcpemaster.apk,0,0.661417323,0.535433071,0,0,2.081967213,771.367713,26
com.guardian.security.pri.apk,0,0,0,0,0,0.401127493,202.1444333,41
com.hyperspeed.rocketclean.apk,0.137254902,0.225490196,0,0,0,0.065217391,5.737864078,124
com.jvstudios.claptofindmyphone.apk,0,0.171428571,0,0,0.171428571,0.729166667,31.83333333,17
com.launcher.ios11.iphonex.apk,0,0,0,0,0,0,0,51
com.lionmobi.battery.apk,0,0.485714286,0.107142857,0,0.014285714,0.4375,724.7709251,30
com.lionmobi.powerclean.apk,0,0.571428571,0.142857143,0,0,0.777777778,189.9090909,27
com.lm.powersecurity.apk,0,0.5,0.25,0,0,0.666666667,227.8333333,28
com.luutinhit.controlcenter.apk,0,0,0,0,0,0.016393443,0,21
com.mas.fast.fulloptimizerlite.apk,0,0.5,0,0,0,0.25,579.0833333,29
com.mas.fast.fulloptimizerlite.apk,0,0.785714286,0,0,0,0.018927445,832.8947368,29
com.mediamushroom.copymydata.apk,0,0,0,0,0,0,0,13
com.mylite.browser4g.apk,0,0.364341085,0,0,0,0.18914956,334.65,25
com.osfunapps.remoteforvizio.apk,0,0,0,0,0,0.5,387.3333333,7
com.oss.btnotifier.apk,0,0,0,0,0,0,0,4
com.ovelin.guitartuna.apk,0,0,0,0,0,0,0,11
com.peacock.flashlight.apk,0,0.25,0,0,0,0.005586592,174.1666667,8
com.powertools.privacy.apk,0.156363636,0.249090909,0,0,0,0.294590252,9.654121864,124
com.samsung.android.app.watchmanager.apk,0,0,0,0,0,0,0,28
com.samsung.smartviewad.apk,0,0,0,0,0,0,0,17
com.space.cleaner.booster.security.memory.free.apk,0,0.368421053,0,0,0,0.292307692,361.9259259,25
com.speedy.cleaner.boost.optimizer.apk,0.00209205,0.248953975,0.00209205,0,0,0.212161562,470.1163121,30
com.super.speed.cleaner.boost.apk,0,0.263157895,0,0,0,0.333333333,470.137931,25
com.truthfinder.app.apk,0,0,0,0,0,0,0,33
com.vinhashapp.freewifihotspotportable.apk,0,0,0,0,0,0.037735849,681.25,9
com.vsray.remote.control.apk,0,0,0,0,0,0,0,13
com.zrgiu.antivirus.apk,0,0,0,0,0,0,0,14
com.ztnstudio.notepad.apk,0,0,0,0,0,0,0,19
eztools.calculator.photo.vault.apk,0,0,0,0,0,0,0,10
free.vpn.unblock.proxy.turbovpn.apk,0.159090909,0.795454545,0.121212121,0,0.151515152,0.0625,399.8843931,13
jp.co.canon.bsd.ad.pixmaprint.apk,0,0.2,0,0,0,0.003825555,207.3333333,10
com.apps.security.master.antivirus.applock.apk,0.175,0.275,0,0,0,0.816326531,0,124
com.appsfreelocker.puppy.pattern.lockscreen.apk,0,0,0,0,0,0,0,7
com.asurion.home.sprint.apk,0,0,0,0,0,0,0,41
com.boost.care.apk,0,0,0,0,0,0,0,24
com.brighthouse.mybhn.apk,0,0,0,0,0,0,0,17
com.bubble.shooter.casual.game.booster.apk,0,0.409090909,0,0,0,0.360655738,344.2424242,25
com.cc.flashlight.apk,0,0,0,0,0,0,0,4
com.defianttech.diskdigger.apk,0,0.2,0,0,0,0.004975124,447,5
com.ludashi.dualspace.apk,0.044444444,0.192156863,0.023529412,0,0.047058824,0.95505618,206.5416667,181
com.luutinhit.assistivetouch.apk,1,1,0,0,1,0.2,0,23
com.mobile.qrcodereader.apk,0.492217899,0.781128405,0.392023346,0,0.498054475,0.495421687,115.9774164,8
com.nadigapp.screensharing.apk,0.724867725,0.777777778,0.317460317,0,0.76984127,0.902147971,36.09895833,4
com.onavo.spaceship.apk,0,0.111111111,0.333333333,0,0,1,203.75,15
com.phone.sweep.cleaner.apk,0.868400621,0.883928571,0.809006211,0,0.86878882,1.770446735,28.26661574,53
com.powercleaner.master.apk,0.553846154,0.598461538,0.241538462,0,0.584615385,0.306170513,151.3150134,23
com.qrcodescanner.barcodescanner.apk,0.628205128,0.674358974,0.3,0,0.661538462,0.847826087,51.52314815,14
com.rain.lockscreenpokeball.apk,0.746698679,0.834933974,0.339135654,0,0.791116447,0.891862955,45.70294118,9
com.rarlab.rar.apk,0.333333333,0.714285714,0.285714286,0,0.333333333,0.011406844,219,5
com.remote.tv.remote.viz.apk,0,0,0,0,0,0,0,6
com.remotefairy4.apk,0,0,0,0,0,0,0,22
com.happyhollow.flash.torchlight.apk,0,1,0,0,0,0.016,993.375,10
com.hdvideos.saverdownlo.apk,0,0,0,0,0,0,0,30
com.inst.repost.apk,0.009389671,0.854460094,0.004694836,0,0.450704225,0.100141044,128.3455285,19
com.intellectualflame.ledflashlight.washer.apk,0,0,0,0,0,0,0,18
com.jointigers.studio.supercleanerpro.apk,0,0.002762431,0,0,0,0.176070039,125.1908714,14
com.kitkats.qrscanner.apk,0,1,0,0,0,0.029520295,1040.806452,14
com.kraftwerk9.rokie.apk,0,0,0,0,0,0.25,0,9
com.labels.boost.apk,0,0.333333333,0,0,0,0.073170732,66,7
com.lenovo.anyshare.gps.apk,0.149825784,0.387921022,0.016260163,0,0.219512195,0.465153971,482.1328063,162
com.lionmobi.netmaster.apk,0,0.857142857,0,0,0,1.166666667,202.25,27
com.lock.screen.apps.security.apk,0,0.006018054,0,0,0,0.551133223,17.21541502,48
com.ludashi.dualspace.apk,0,0.200284091,0,0,0,0.356275304,132.226179,181
com.luutinhit.assistivetouch.apk,0,0,0,0,0,0,0,23
com.mirrorcast.stream.capture.apk,0,0,0,0,0,0,0,10
com.mobile.qrcodereader.apk,0,0,0,0,0,0.000536193,0,8
com.nadigapp.screensharing.apk,0,0,0,0,0,0,0,4
com.onavo.spaceship.apk,0,0,0,0,0,0,0,15
com.phone.sweep.cleaner.apk,0,0.258064516,0,0,0,0.177142857,469.2564103,53
com.powercleaner.master.apk,0,0,0,0,0,0.001012658,0,23
com.qrcodescanner.barcodescanner.apk,0,0,0,0,0,0,0,14
com.rain.lockscreenpokeball.apk,0,0,0,0,0,0,0,9
com.rarlab.rar.apk,0,0,0,0,0,0,0,5
com.remote.tv.remote.viz.apk,0,0,0,0,0,0,0,6
com.remotefairy4.apk,0,0,0,0,0,0,0,22
com.riteshsahu.SMSBackupRestore.apk,0,0.25,0.25,0,0,0.001992032,293,21
com.secplus.antivirus.lab.guard.apk,0,0.007407407,0,0,0,0.06,10.77205882,40
com.smartapp.donottouch.apk,0,0,0,0,0,0,0,16
com.soleo.numbersearch.apk,0,0,0,0,0,0,0,10
com.sws.translate.subscribe.apk,0,1,0,0,0,0.059171598,211,24
com.symantec.securewifi.apk,0,0,0,0,0,0,0,9
com.tmobile.pr.mytmobile.apk,0,0,0,0,0,0.037037037,0,105
com.trantrigroup.note.apk,0,1,0,0,0,0.85528757,0,4
com.trianguloy.openInWhatsapp.apk,0,0,0,0,0,0,0,0
com.tv.remote.controle.tv.apk,0,1,0,0,0,0.59375,0,8
appinventor.ai_mayanktechnologies09.Translator.apk,0,0,0,0,0,0,0,6
com.Jakepaulzaza.wallpapers.apk,0,0,0,0,0,0.584269663,0,22
com.aexol.digitalscalefree.apk,0,0,0,0,0,0,0,24
com.antivirus.mobilesecurity.viruscleaner.applock.apk,0,1,0,0,0,0.002379064,177.25,20
com.apkinstaller.ApkInstaller.apk,0.006507592,0.045553145,0.00867679,0,0.006507592,0.252326218,1662.334416,6
com.appsfreelocker.puppy.pin.lockscreen.apk,0,0,0,0,0,0,0,7
com.avg.android.vpn.apk,0,0,0,0,0,0.020408163,0,14
com.axion.voicescreenlock.apk,0,0,0,0,0,0,0,8
com.blue.clean.android.memory.boost.pro.apk,0,0.415983607,0,0,0,0.523043944,8.079058032,17
com.chatterbox.android.stud_detector.apk,0,0,0,0,0,0,0,3
com.cisco.connect.cloud.apk,0,0,0,0,0,0,0,25
com.colortiger.thermo.apk,0,0,0,0,0,0.055837563,87.68888889,10
com.dianxinos.optimizer.duplay.apk,0,0.719626168,0.112149533,0,0,1.38961039,176.9612903,43
